<launch>
  <node name="ydlidar_node"  pkg="ydlidar"  type="ydlidar_node" output="screen">
    <param name="port"         type="string" value="/dev/ydlidar"/>  
    <param name="baudrate"     type="int"    value="128000"/>
    <param name="frame_id"     type="string" value="laser_link"/>
    <param name="angle_fixed"  type="bool"   value="true"/>
    <param name="intensities"  type="bool"   value="false"/>
    <param name="angle_min"    type="double" value="-180" />
    <param name="angle_max"    type="double" value="180" />
    <param name="range_min"    type="double" value="0.08" />
    <param name="range_max"    type="double" value="10.0" />
    <param name="ignore_array" type="string" value="" />
  </node>
</launch>
